imo,ism_name,ism_imo,ism_address,owner_name,owner_imo,owner_address,commercial_name,commercial_imo,commercial_address
9233234,UNKNOWN,9991001,Unknown,LEONID MARINE INC,6260812,"C/O: Vroom Marine Ventures FZE X2-49, SAIF Suite, al-Dhaid Road, SAIF Zone, Sharjah, United Arab Emirates.",VROOM MARINE VENTURES FZE,6314720,"X2-49, SAIF Suite, al-Dhaid Road, SAIF Zone, Sharjah, United Arab Emirates."
9230098,GOLDEN LOTUS OIL GAS & REAL,6144804,"67, Pho Duc Chinh, Truc Bach Ward, Ba Dinh District, Hanoi City, Vietnam.",GOLDEN LOTUS OIL GAS & REAL,6144804,"67, Pho Duc Chinh, Truc Bach Ward, Ba Dinh District, Hanoi City, Vietnam.",GOLDEN LOTUS OIL GAS & REAL,6144804,"67, Pho Duc Chinh, Truc Bach Ward, Ba Dinh District, Hanoi City, Vietnam."
9271377,FLEET MANAGEMENT LTD-HKG,1601573,"27th Floor, South Island Place, 8, Wong Chuk Hang Road, Southern District, Hong Kong, China.",ZAHARA SHIPPING LTD,5460204,"C/O: New Shipping Ltd 57A, Poseidonos Avenue, Moschato, 183 44, Piraeus, Greece.",NEW SHIPPING LTD-LIB,5137597,"57A, Poseidonos Avenue, Moschato, 183 44, Piraeus, Greece."
9240407,ARNICA SHIP MANAGEMENT - FZCO,0129311,"Building A1, Dubai Digital Park, Dubai Silicon Oasis, Dubai, United Arab Emirates.",MISSISSIPPI RIVER SHIPPING LTD,0138469,"C/O: Arnica Ship Management - FZCO Building A1, Dubai Digital Park, Dubai Silicon Oasis, Dubai, United Arab Emirates.",ARNICA SHIP MANAGEMENT - FZCO,0129311,"Building A1, Dubai Digital Park, Dubai Silicon Oasis, Dubai, United Arab Emirates."
9290361,SURAAJ SHIP MANAGEMENT,0110338,"Office 2, 1st Floor, Shree Dattatray, near Railway Station, Badlapur 421501, India.",OYSTER SHIPPING & MARINE INC,0207863,"Trust Company Complex, Ajeltake Road, Ajeltake, Majuro MH 96960, Marshall Islands.",OYSTER SHIPPING & MARINE INC,0207863,"Trust Company Complex, Ajeltake Road, Ajeltake, Majuro MH 96960, Marshall Islands."
9282912,EXECUTIVE SHIP MANAGEMENT,1834165,"21-00/22-00, 78, Shenton Way, Singapore 079120",RIVIERA ENTERPRISES SA,5679384,"C/O: Hellenic Tankers Co Ltd 349, Kifisias Avenue, 145 61, Athens, Greece.",RIVIERA ENTERPRISES SA,5679384,"C/O: Hellenic Tankers Co Ltd 349, Kifisias Avenue, 145 61, Athens, Greece."
9299941,ARCADIA SHIPPING PTE LTD,5875139,"11-04/05, mTower, 460, Alexandra Road, Singapore 119963",CHANDRA MARITIME INTERNATIONAL,0202111,"28-00, One Marina Boulevard, 1, Marina Boulevard, Singapore 018989",CHANDRA MARITIME INTERNATIONAL,0202111,"28-00, One Marina Boulevard, 1, Marina Boulevard, Singapore 018989"
9277541,SEATOWN SHIPPING LTD,0142245,"Room 1604-12, Building 1, Antai Plaza, 28, Longcheng Lu, Shibei Qu Qingdao, Shandong, 266000, China.",ELXIS ENERGY CO LTD,0164876,"C/O: SeaTown Shipping Ltd Room 1604-12, Building 1, Antai Plaza, 28, Longcheng Lu, Shibei Qu Qingdao, Shandong, 266000, China.",SEATOWN SHIPPING LTD,0142245,"Room 1604-12, Building 1, Antai Plaza, 28, Longcheng Lu, Shibei Qu Qingdao, Shandong, 266000, China."
9307152,SEAZEN SHIPPING CO LTD,0286751,"Room 701, Unit 108, 7th Floor, Tower B New Mandarin Plaza, 14, Science Museum Road, Tsim Sha Tsui East, Kowloon, Hong Kong, China.",SEAZEN SHIPPING CO LTD,0286751,"Room 701, Unit 108, 7th Floor, Tower B New Mandarin Plaza, 14, Science Museum Road, Tsim Sha Tsui East, Kowloon, Hong Kong, China.",SEAZEN SHIPPING CO LTD,0286751,"Room 701, Unit 108, 7th Floor, Tower B New Mandarin Plaza, 14, Science Museum Road, Tsim Sha Tsui East, Kowloon, Hong Kong, China."
9337391,FLEET MANAGEMENT LTD-HKG,1601573,"27th Floor, South Island Place, 8, Wong Chuk Hang Road, Southern District, Hong Kong, China.",AFRANAV MARITIME LTD,6063849,"C/O: Fleet Management Ltd 27th Floor, South Island Place, 8, Wong Chuk Hang Road, Southern District, Hong Kong, China.",FLEET MANAGEMENT LTD-HKG,1601573,"27th Floor, South Island Place, 8, Wong Chuk Hang Road, Southern District, Hong Kong, China."
9296195,NEW SHIPPING LTD-LIB,5137597,"57A, Poseidonos Avenue, Moschato, 183 44, Piraeus, Greece.",SEA GUST MARITIME CO LTD,1824711,"80, Broad Street, Monrovia, Liberia.",SEA GUST MARITIME CO LTD,1824711,"80, Broad Street, Monrovia, Liberia."
9297541,GONG ZHU HU SHIPMANAGEMENT CO,0137103,"Room 502, 233, Guoding Donglu, Yangpu Qu, Shanghai, 200000, China.",PLUME SHIPPING LTD,0118611,"C/O: Gong Zhu Hu Shipmanagement Co Ltd Room 502, 233, Guoding Donglu, Yangpu Qu, Shanghai, 200000, China.",GONG ZHU HU SHIPMANAGEMENT CO,0137103,"Room 502, 233, Guoding Donglu, Yangpu Qu, Shanghai, 200000, China."
9346859,ANLAN YUNDA SHIPPING CO LTD,0178257,"Unit 1601-2, 16th Floor, Prosperity Millennia Plaza, 663, King's Road, North Point, Hong Kong, China.",ANLAN YUNDA SHIPPING CO LTD,0178257,"Unit 1601-2, 16th Floor, Prosperity Millennia Plaza, 663, King's Road, North Point, Hong Kong, China.",ANLAN YUNDA SHIPPING CO LTD,0178257,"Unit 1601-2, 16th Floor, Prosperity Millennia Plaza, 663, King's Road, North Point, Hong Kong, China."
9337418,WU YI SHAN SHIPMANAGEMENT CO,0190118,"Room 301, Building 2, 112, Yanji Lu, Shibei Qu, Qingdao, Shandong, 266000, China.",YAMAI MARITIME INC,0262331,"C/O: Wu Yi Shan Shipmanagement Co Ltd Room 301, Building 2, 112, Yanji Lu, Shibei Qu, Qingdao, Shandong, 266000, China.",WU YI SHAN SHIPMANAGEMENT CO,0190118,"Room 301, Building 2, 112, Yanji Lu, Shibei Qu, Qingdao, Shandong, 266000, China."
9321964,PV TRANS PACIFIC JSC,5436487,"3rd Floor, PVFCCo Tower, 43, Mac Dinh Chi, Dakao Ward, District 1, Ho Chi Minh City, Vietnam.",PV TRANS PACIFIC JSC,5436487,"3rd Floor, PVFCCo Tower, 43, Mac Dinh Chi, Dakao Ward, District 1, Ho Chi Minh City, Vietnam.",PV TRANS PACIFIC JSC,5436487,"3rd Floor, PVFCCo Tower, 43, Mac Dinh Chi, Dakao Ward, District 1, Ho Chi Minh City, Vietnam."
9270555,RADAR SHIPPING LTD-HKG,0142231,"Room 1611, Building 1, Antai Plaza, 28, Longcheng Lu, Shibei Qu Qingdao, Shandong, 266000, China.",UNIVERSAL EXUBERANCE INDUSTRY,0164482,"C/O: Radar Shipping Ltd Room 1611, Building 1, Antai Plaza, 28, Longcheng Lu, Shibei Qu Qingdao, Shandong, 266000, China.",RADAR SHIPPING LTD-HKG,0142231,"Room 1611, Building 1, Antai Plaza, 28, Longcheng Lu, Shibei Qu Qingdao, Shandong, 266000, China."
9208136,UNKNOWN,9991001,Unknown,HA TRANG PETROL TRANSPORTATION,6317861,"75, Lane 119, Giap Bat Street, Giap Bat Ward, Hanoi City, Vietnam.",HA TRANG PETROL TRANSPORTATION,6317861,"75, Lane 119, Giap Bat Street, Giap Bat Ward, Hanoi City, Vietnam."
9404936,CHEMIKALIEN SEETRANSPORT,5070349,"14-23, Vision Exchange, 2, Venture Drive, Singapore 608526",MONIA AFRAMAX AS,6505663,"C/O: Fearnley Business Management AS Grev Wedels plass 9, 0151, Oslo, Norway.",FEARNLEY BUSINESS MANAGEMENT,5129889,"Grev Wedels plass 9, 0151, Oslo, Norway."
9319698,JIE SHENG SHIP MGMT LTD,6244888,"Unit 2, 25th Floor, 29, Haibian Road, Lingya District, Kaohsiung City, 802608, China, Republic of (Taiwan)",ARGON STONE LTD,6450656,"C/O: Jie Sheng Ship Management Ltd Unit 2, 25th Floor, 29, Haibian Road, Lingya District, Kaohsiung City, 802608, China, Republic of (Taiwan)",JIE SHENG SHIP MGMT LTD,6244888,"Unit 2, 25th Floor, 29, Haibian Road, Lingya District, Kaohsiung City, 802608, China, Republic of (Taiwan)"
9247821,CARDONA SHIP MANAGEMENT SERVS,6318550,"1706, Singalong Street, Paco, Manila, Philippines.",BALSA NAVIGATION SA,6361435,"C/O: Cardona Ship Management Services 1706, Singalong Street, Paco, Manila, Philippines.",CARDONA SHIP MANAGEMENT SERVS,6318550,"1706, Singalong Street, Paco, Manila, Philippines."
9229350,CERES SHIP MANAGEMENT PTE LTD,6405315,"19-01, Tokio Marine Centre, 20, McCallum Street, Singapore 069046",MIGHTY LUCK LTD,6408460,"C/O: Ceres Shp Management Pte Ltd 19-01, Tokio Marine Centre, 20, McCallum Street, Singapore 069046",CERES SHIP MANAGEMENT PTE LTD,6405315,"19-01, Tokio Marine Centre, 20, McCallum Street, Singapore 069046"
9223344,FORTUNE MARITIME,0212838,"Office 10, Building 6, Ideal Inclave, Near Orange Hospital, Mira Bhayandar Road, Mira Road (E), Thane, Maharashtra, 401105, India.",GOLDWAVE MARITIME SERVICES INC,0042648,"C/O: Fortune Maritime Office 10, Building 6, Ideal Inclave, Near Orange Hospital, Mira Bhayandar Road, Mira Road (E), Thane, Maharashtra, 401105, India.",FORTUNE MARITIME,0212838,"Office 10, Building 6, Ideal Inclave, Near Orange Hospital, Mira Bhayandar Road, Mira Road (E), Thane, Maharashtra, 401105, India."
9256860,MG-FLOT LLC,6016988,"Apartment 1, ul Lenina, Akhty, 18D, Akhtynsky, 368730, Russia.",MG-FLOT LLC,6016988,"Apartment 1, ul Lenina, Akhty, 18D, Akhtynsky, 368730, Russia.",MG-FLOT LLC,6016988,"Apartment 1, ul Lenina, Akhty, 18D, Akhtynsky, 368730, Russia."
9302970,PINYIN SHIP MANAGEMENT,6495021,"Unit 702, Devgiri, IIT Bombay, CHS, Powai, Mumbai, 400076, India.",MINGYANG NAVIGATION INC,0058966,"Suite 212, 2nd Floor, Block A, Unity House, Palm Street, Victoria, Mahe Island, Seychelles.",MINGYANG NAVIGATION INC,0058966,"Suite 212, 2nd Floor, Block A, Unity House, Palm Street, Victoria, Mahe Island, Seychelles."
9358412,INFINITE BLUE MARITIME LTD,6501379,"3rd Floor, Block J, Building 3, 1295, Xinjinqiao Lu, Pudong Xinqu, Shanghai, 201206, China.",RUIHUA SHIPPING CO LTD,0222542,"Room 1201, 12th Floor, Tai Sang Bank Building, 130-132, Des Voeux Road Central, Hong Kong, China.",INFINITE BLUE MARITIME LTD,6501379,"3rd Floor, Block J, Building 3, 1295, Xinjinqiao Lu, Pudong Xinqu, Shanghai, 201206, China."
9233208,UNKNOWN,9991001,Unknown,FAAS SHIPPING CO,0356641,"Trust Company Complex, Ajeltake Road, Ajeltake, Majuro MH 96960, Marshall Islands.",FAAS SHIPPING CO,0356641,"Trust Company Complex, Ajeltake Road, Ajeltake, Majuro MH 96960, Marshall Islands."
9292515,SR NAVIGATION SA,6204043,"40, Nafsikas Street, Voula, 166 73, Athens, Greece.",WHITE SHORE ENTERPRISES SA,0048121,"C/O: SR Navigation SA 40, Nafsikas Street, Voula, 166 73, Athens, Greece.",SR NAVIGATION SA,6204043,"40, Nafsikas Street, Voula, 166 73, Athens, Greece."
9199713,BRILLIANT MARINE SOLUTIONS CO,0182427,"Unit 1004, 10th Floor, Kesar Building, Sector 19, Palm Beach Road, Navi Mumbai, Maharashtra, 400705, India.",LEUHAN MARITIME LTD,6448417,"C/O: Brilliant Marine Solutions Co Unit 1004, 10th Floor, Kesar Building, Sector 19, Palm Beach Road, Navi Mumbai, Maharashtra, 400705, India.",LEUHAN MARITIME LTD,6448417,"C/O: Brilliant Marine Solutions Co Unit 1004, 10th Floor, Kesar Building, Sector 19, Palm Beach Road, Navi Mumbai, Maharashtra, 400705, India."
9388728,STAR MARINE MANAGEMENT INC,1317884,"1, Zisimopoulou Street, Glyfada, 166 74, Athens, Greece.",MIXTRADE MARINE LTD,0192499,"Suite 10, 3rd Floor, La Ciotat, Mont Fleuri, Mahe Island Seychelles.",MIXTRADE MARINE LTD,0192499,"Suite 10, 3rd Floor, La Ciotat, Mont Fleuri, Mahe Island Seychelles."
9397793,SYNERGY MARITIME PVT LTD,5287602,"4th Floor, AKDR Tower, 3/381, Rajiv Gandhi Salai (OMR), Mettukuppam, Chennai, 600097, India.",EAST DESTINY SHIPPING INC,6392959,"C/O: Synergy Maritime Pvt Ltd 4th Floor, AKDR Tower, 3/381, Rajiv Gandhi Salai (OMR), Mettukuppam, Chennai, 600097, India.",SYNERGY MARITIME PVT LTD,5287602,"4th Floor, AKDR Tower, 3/381, Rajiv Gandhi Salai (OMR), Mettukuppam, Chennai, 600097, India."
9397808,SYNERGY MARITIME PVT LTD,5287602,"4th Floor, AKDR Tower, 3/381, Rajiv Gandhi Salai (OMR), Mettukuppam, Chennai, 600097, India.",EAST ETERNAL SHIPPING INC,6392962,"C/O: Synergy Maritime Pvt Ltd 4th Floor, AKDR Tower, 3/381, Rajiv Gandhi Salai (OMR), Mettukuppam, Chennai, 600097, India.",SYNERGY MARITIME PVT LTD,5287602,"4th Floor, AKDR Tower, 3/381, Rajiv Gandhi Salai (OMR), Mettukuppam, Chennai, 600097, India."
9258480,STAR MARINE MANAGEMENT INC,1317884,"1, Zisimopoulou Street, Glyfada, 166 74, Athens, Greece.",PELARA CARRIERS CORP,0323165,"Suite 10, 3rd Floor, La Ciotat, Mont Fleuri, Mahe Island Seychelles.",STAR MARINE MANAGEMENT INC,1317884,"1, Zisimopoulou Street, Glyfada, 166 74, Athens, Greece."
9252371,NAUTIKRAFT FORGE LLC,0192508,"Apartment 52, Building 5, Estate 76, AZ 5005, Sumqayit Azerbaijan.",MARIKA TRADE CORP,0275756,"C/O: 'Nautikraft Forge' LLC Apartment 52, Building 5, Estate 76, AZ 5005, Sumqayit Azerbaijan.",NAUTIKRAFT FORGE LLC,0192508,"Apartment 52, Building 5, Estate 76, AZ 5005, Sumqayit Azerbaijan."
9276597,NAVISTAR MARITIME LTD,0338967,"Room 2307, Building A, Yi Hai Guo Ji, 10, Xianggang Zhonglu, Shinan Qu, Qingdao, Shandong, 266071, China.",HONG KONG JING HAI SHIPPING,0345911,"C/O: Navistar Maritime Ltd Room 2307, Building A, Yi Hai Guo Ji, 10, Xianggang Zhonglu, Shinan Qu, Qingdao, Shandong, 266071, China.",NAVISTAR MARITIME LTD,0338967,"Room 2307, Building A, Yi Hai Guo Ji, 10, Xianggang Zhonglu, Shinan Qu, Qingdao, Shandong, 266071, China."
9384564,SEARUN SHIPPING CO LTD,0176984,"Room 1801, Office C1, Wanda Plaza, Jinzhong Lu, Huli Qu, Xiamen, Fujian, China.",SEARUN SHIPPING CO LTD,0176984,"Room 1801, Office C1, Wanda Plaza, Jinzhong Lu, Huli Qu, Xiamen, Fujian, China.",SEARUN SHIPPING CO LTD,0176984,"Room 1801, Office C1, Wanda Plaza, Jinzhong Lu, Huli Qu, Xiamen, Fujian, China."
9291236,ZHOUSHAN JINGHAI SHIPPING,0145770,"2nd Floor, Haiyi Villa, 42, Lane 97, Songlin Lu, Pudong Xinqu, Shanghai, 200120, China.",CHILL VISTA INC,0194190,"C/O: Zhoushan Jinghai Shipping Co Ltd 2nd Floor, Haiyi Villa, 42, Lane 97, Songlin Lu, Pudong Xinqu, Shanghai, 200120, China.",ZHOUSHAN JINGHAI SHIPPING,0145770,"2nd Floor, Haiyi Villa, 42, Lane 97, Songlin Lu, Pudong Xinqu, Shanghai, 200120, China."
9370836,NEW SHIPPING LTD-LIB,5137597,"57A, Poseidonos Avenue, Moschato, 183 44, Piraeus, Greece.",LUNA SEAWAYS INC,5930534,"C/O: New Shipping Ltd 57A, Poseidonos Avenue, Moschato, 183 44, Piraeus, Greece.",NEW SHIPPING LTD-LIB,5137597,"57A, Poseidonos Avenue, Moschato, 183 44, Piraeus, Greece."
9422392,FLOPEC,0206335,"Avenida del Pacifico 001 y Calle Puerto Rico, Esmeraldas, Ecuador.",PISCES OIL SHIPPING INC,4126056,"C/O: Empresa Publica Flota Petrolera Ecuatoriana (EP FLOPEC) Avenida del Pacifico 001 y Calle Puerto Rico, Esmeraldas, Ecuador.",FLOPEC,0206335,"Avenida del Pacifico 001 y Calle Puerto Rico, Esmeraldas, Ecuador."
9346885,HITT GEMI ISLETMECILIGI AS,0303061,"Ic Kapi 11, Cam Sokak 3-7, Gokturk Merkez Mah, Eyupsultan 34077, Istanbul, Turkey.",SOLVANTE MARITIME SRVS & TRDG,0313858,"C/O: Hitt Gemi Isletmeciligi AS Ic Kapi 11, Cam Sokak 3-7, Gokturk Merkez Mah, Eyupsultan 34077, Istanbul, Turkey.",HITT GEMI ISLETMECILIGI AS,0303061,"Ic Kapi 11, Cam Sokak 3-7, Gokturk Merkez Mah, Eyupsultan 34077, Istanbul, Turkey."
9251822,GUINEVERE SHIP MANAGEMENT PVT,0011190,"13th Floor, WeWork 247 Park, Vikhroli Corporate Park, Lal Bahadur Shastri Road, Gandhi Nagar, Vikhroli (W), Mumbai, 400079, India.",ARKADIA MARITIME INC,6424059,"Trust Company Complex, Ajeltake Road, Ajeltake, Majuro MH 96960, Marshall Islands.",ARKADIA MARITIME INC,6424059,"Trust Company Complex, Ajeltake Road, Ajeltake, Majuro MH 96960, Marshall Islands."
9333785,SEADAR SHIPPING CO LTD,0177086,"Room 1805, Office C1, Wanda Plaza, Jinzhong Lu, Huli Qu, Xiamen, Fujian, China.",SEADAR SHIPPING CO LTD,0177086,"Room 1805, Office C1, Wanda Plaza, Jinzhong Lu, Huli Qu, Xiamen, Fujian, China.",SEADAR SHIPPING CO LTD,0177086,"Room 1805, Office C1, Wanda Plaza, Jinzhong Lu, Huli Qu, Xiamen, Fujian, China."
9402237,WALLEM SHIPMANAGEMENT LTD,0017463,"9th Floor, Dorset House, Taikoo Place, 979, Kings Road, Quarry Bay, Eastern, Hong Kong, China.",EAST VICTORY SHIPPING INC,6385722,"C/O: Penfield Marine LLC 200, Pequot Avenue, Southport CT 06890-1371, USA.",PENFIELD MARINE LLC,5724766,"200, Pequot Avenue, Southport CT 06890-1371, USA."
9402249,WALLEM SHIPMANAGEMENT LTD,0017463,"9th Floor, Dorset House, Taikoo Place, 979, Kings Road, Quarry Bay, Eastern, Hong Kong, China.",EAST JOURNEY SHIPPING INC,6385740,"C/O: Penfield Marine LLC 200, Pequot Avenue, Southport CT 06890-1371, USA.",PENFIELD MARINE LLC,5724766,"200, Pequot Avenue, Southport CT 06890-1371, USA."
9356426,UNKNOWN,9991001,Unknown,LIBYAN NAVIGATOR LTD,5444028,"C/O: General National Maritime Transport Co (GNMTC) Mahlet Alwahda Alarabia, PO Box 80173, Gergarish Road, Abu Nawas, Tripoli, Libya.",GENERAL NATIONAL MARITIME,0098136,"Mahlet Alwahda Alarabia, PO Box 80173, Gergarish Road, Abu Nawas, Tripoli, Libya."
9334727,TANKERSKA PLOVIDBA DD,0099854,"ulica Bozidara Petranovica 4, HR-23000, Zadar, Croatia.",DUGI OTOK SHIPPING LLC,5956655,"C/O: Tankerska Plovidba dd ulica Bozidara Petranovica 4, HR-23000, Zadar, Croatia.",TANKERSKA PLOVIDBA DD,0099854,"ulica Bozidara Petranovica 4, HR-23000, Zadar, Croatia."
9388807,STAR MARINE MANAGEMENT INC,1317884,"1, Zisimopoulou Street, Glyfada, 166 74, Athens, Greece.",JOYMAR EXPRESS LTD,0192511,"C/O: Star Marine Management Inc 1, Zisimopoulou Street, Glyfada, 166 74, Athens, Greece.",STAR MARINE MANAGEMENT INC,1317884,"1, Zisimopoulou Street, Glyfada, 166 74, Athens, Greece."
9305556,STAR MARINE MANAGEMENT INC,1317884,"1, Zisimopoulou Street, Glyfada, 166 74, Athens, Greece.",NAXIA NAVARC CORP,0355378,"C/O: Star Marine Management Inc 1, Zisimopoulou Street, Glyfada, 166 74, Athens, Greece.",STAR MARINE MANAGEMENT INC,1317884,"1, Zisimopoulou Street, Glyfada, 166 74, Athens, Greece."
9232448,STAR OCEAN SHIPMANAGE LTD,6272611,"Room 1706A, 17th Floor, Building A, World Trade Tower, 6, Xianggang Zhonglu, Shinan Qu, Qingdao, Shandong, China.",ETERNAL MASCOT SHIPPING LTD,6276490,"C/O: Star Ocean Shipmanage Ltd Room 1706A, 17th Floor, Building A, World Trade Tower, 6, Xianggang Zhonglu, Shinan Qu, Qingdao, Shandong, China.",STAR OCEAN SHIPMANAGE LTD,6272611,"Room 1706A, 17th Floor, Building A, World Trade Tower, 6, Xianggang Zhonglu, Shinan Qu, Qingdao, Shandong, China."
9232450,FORT BLUE SHIP MANAGEMENT LLC,6323935,"Office 2111, Lake Central Tower, Business Bay, Bur Dubai, PO Box 181030, Dubai, United Arab Emirates.",RENEEZ SHIPPING LTD,6388435,"Trust Company Complex, Ajeltake Road, Ajeltake, Majuro MH 96960, Marshall Islands.",RENEEZ SHIPPING LTD,6388435,"Trust Company Complex, Ajeltake Road, Ajeltake, Majuro MH 96960, Marshall Islands."
9255880,NANJING HAIGAO SHIPPING CO LTD,6343425,"15th Floor, Ruihua Building, 315, Zhongshan Nanlu, Qinhuai Qu, Nanjing, Jiangsu, China.",SKY WEALTHY LTD,6352370,"C/O: Nanjing Haigao Shipping Co Ltd 15th Floor, Ruihua Building, 315, Zhongshan Nanlu, Qinhuai Qu, Nanjing, Jiangsu, China.",NANJING HAIGAO SHIPPING CO LTD,6343425,"15th Floor, Ruihua Building, 315, Zhongshan Nanlu, Qinhuai Qu, Nanjing, Jiangsu, China."
9198094,UNKNOWN,9991001,Unknown,BLUESPECTRUM SHIPPING SA,6459297,"60th Floor, BICSA Financial Center, Avenida Balboa, Panama City, Panama.",BLUESPECTRUM SHIPPING SA,6459297,"60th Floor, BICSA Financial Center, Avenida Balboa, Panama City, Panama."
9334739,TANKERSKA PLOVIDBA DD,0099854,"ulica Bozidara Petranovica 4, HR-23000, Zadar, Croatia.",OLIB SHIPPING LLC,5956672,"C/O: Tankerska Plovidba dd ulica Bozidara Petranovica 4, HR-23000, Zadar, Croatia.",TANKERSKA PLOVIDBA DD,0099854,"ulica Bozidara Petranovica 4, HR-23000, Zadar, Croatia."
9296389,SWISS CARRIERS SA,5997044,"40, Nafsikas Street, Voula, 166 73, Athens, Greece.",VELEN SHIPPING DEVELOPMENTS SA,0287100,"C/O: Swiss Carriers SA 40, Nafsikas Street, Voula, 166 73, Athens, Greece.",SWISS CARRIERS SA,5997044,"40, Nafsikas Street, Voula, 166 73, Athens, Greece."
9446116,BERNHARD SCHULTE SINGAPORE,1983906,"08-00, Bernhard Schulte House, 108, Middle Road, Singapore 188967",TMN CO LTD,5890541,"15th Floor, Manorom Building, 3354/50, Phraramthi 4 Road (Rama IV), Khlongtoey, Bangkok, 10110, Thailand.",TMN CO LTD,5890541,"15th Floor, Manorom Building, 3354/50, Phraramthi 4 Road (Rama IV), Khlongtoey, Bangkok, 10110, Thailand."
9290385,MEI ZHOU DAO SHIPMANAGEMENT,0231214,"Room 1108, L1, Block E, Shouwei Outlets, Lane 188, Panzhong Donglu, Qingpu Qu, Shanghai, 200000, China.",QING JU SHIPPING LTD,0092331,"Room 13, 27th Floor, Ho King Commercial Centre, 2-16, Fa Yuen Street, Mong Kok, Kowloon, Hong Kong, China.",QING JU SHIPPING LTD,0092331,"Room 13, 27th Floor, Ho King Commercial Centre, 2-16, Fa Yuen Street, Mong Kok, Kowloon, Hong Kong, China."
9248825,PLAZA MAYOR INTL GROUP LTD,0275566,"Room 812, 329, Hengfeng Lu, Jing'an Qu, Shanghai, 200070, China.",ANNA NAVIGATION SA,6376861,"Trust Company Complex, Ajeltake Road, Ajeltake, Majuro MH 96960, Marshall Islands.",ANNA NAVIGATION SA,6376861,"Trust Company Complex, Ajeltake Road, Ajeltake, Majuro MH 96960, Marshall Islands."
9258870,SALINA SHIP MANAGEMENT PVT LTD,6422208,"Office 603, Shagun Reality Insignia, 195, Sector 19, Ulwe, Navi Mumbai, Maharashtra, 410206, India.",STEADYBLUE SHIPPING SA,6475164,"C/O: Salina Ship Management Pvt Ltd Office 603, Shagun Reality Insignia, 195, Sector 19, Ulwe, Navi Mumbai, Maharashtra, 410206, India.",SALINA SHIP MANAGEMENT PVT LTD,6422208,"Office 603, Shagun Reality Insignia, 195, Sector 19, Ulwe, Navi Mumbai, Maharashtra, 410206, India."
9235892,UNKNOWN,9991001,Unknown,MARISMAJESTY MARITIME LTD,0138129,"Saint John's, Antigua & Barbuda.",MARISMAJESTY MARITIME LTD,0138129,"Saint John's, Antigua & Barbuda."
9290397,DOO SHIPS LTD,0140969,"Room 702, 555, Xujiahui Lu, Huangpu Qu, Shanghai, 200001, China.",AQUILA ENTERPRISES CORP,0353575,"Trust Company Complex, Ajeltake Road, Ajeltake, Majuro MH 96960, Marshall Islands.",AQUILA ENTERPRISES CORP,0353575,"Trust Company Complex, Ajeltake Road, Ajeltake, Majuro MH 96960, Marshall Islands."
9360453,UNKNOWN,9991001,Unknown,LALAZAR SHIPPING PVT LTD,5132551,"C/O: Pakistan National Shipping Corp PNSC Building, Moulvi Tamizuddin Khan Road, Karachi, 74000, Pakistan.",PAKISTAN NATIONAL SHPG CORP,0633987,"PNSC Building, Moulvi Tamizuddin Khan Road, Karachi, 74000, Pakistan."
9411185,STAR MARINE MANAGEMENT INC,1317884,"1, Zisimopoulou Street, Glyfada, 166 74, Athens, Greece.",ELLI SHIPTRADE LTD,0275190,"C/O: Star Marine Management Inc 1, Zisimopoulou Street, Glyfada, 166 74, Athens, Greece.",STAR MARINE MANAGEMENT INC,1317884,"1, Zisimopoulou Street, Glyfada, 166 74, Athens, Greece."
9408554,DINGHUI HK SHIPPING CO LTD,0256306,"Room 1005, 10th Floor, Block A, Fortune Center, 211, Qilin Lu, Donggang Jiedao, Putuo Qu, Zhoushan, Zhejiang, 316100, China.",HEBO SHIPPING LTD-MAI,0317351,"C/O: Dinghui (HK) Shipping Co Ltd Room 1005, 10th Floor, Block A, Fortune Center, 211, Qilin Lu, Donggang Jiedao, Putuo Qu, Zhoushan, Zhejiang, 316100, China.",DINGHUI HK SHIPPING CO LTD,0256306,"Room 1005, 10th Floor, Block A, Fortune Center, 211, Qilin Lu, Donggang Jiedao, Putuo Qu, Zhoushan, Zhejiang, 316100, China."
9224453,BRIGHT MARINE SOLUTIONS CO,0182458,"Office 1002, Kesar Building, Sector 19, 400705, Palm Beach Road, Navi Mumbai, Maharashtra, India.",MARS NAVIGATION SA,6362950,"Trust Company Complex, Ajeltake Road, Ajeltake, Majuro MH 96960, Marshall Islands.",MARS NAVIGATION SA,6362950,"Trust Company Complex, Ajeltake Road, Ajeltake, Majuro MH 96960, Marshall Islands."
9241683,BONVOY MARINE LTD,0352621,"Room 301, Unit 2, Building 7, Ronghua Community, 2, Weihai Lu, Shibei Qu, Qingdao, Shandong, 266021, China.",POMELO SHIPPING LTD,0355829,"Flat 06, 17th Floor, Wellborne Commercial Centre, 8, Java Road, North Point, Hong Kong, China.",BONVOY MARINE LTD,0352621,"Room 301, Unit 2, Building 7, Ronghua Community, 2, Weihai Lu, Shibei Qu, Qingdao, Shandong, 266021, China."
9248447,SEA TRADE MARINE SA,6217279,"40, Nafsikas Street, Voula, 166 73, Athens, Greece.",BLUE LAGOON COMMERCIAL ENT,6381561,"C/O: Sea Trade Marine SA 40, Nafsikas Street, Voula, 166 73, Athens, Greece.",SEA TRADE MARINE SA,6217279,"40, Nafsikas Street, Voula, 166 73, Athens, Greece."
9364227,PVTRANS SHIPS MANAGEMENT,5640351,"Mezzanine Floor, PVFCCo Tower, 43, Mac Dinh Chi, Dakao Ward, District 1, Ho Chi Minh City, Vietnam.",PETROVIETNAM TRANSPORTATION,5027446,"2nd Floor, PVFCCo Tower, 43, Mac Dinh Chi, Dakao Ward, District 1, Ho Chi Minh City, Vietnam.",PETROVIETNAM TRANSPORTATION,5027446,"2nd Floor, PVFCCo Tower, 43, Mac Dinh Chi, Dakao Ward, District 1, Ho Chi Minh City, Vietnam."
9191711,UNKNOWN,9991001,Unknown,CIELO MARITIME LTD,6410134,"Room 6, 17th Floor, Wellborne Commercial Centre, 8, Java Road, North Point, Hong Kong, China.",CIELO MARITIME LTD,6410134,"Room 6, 17th Floor, Wellborne Commercial Centre, 8, Java Road, North Point, Hong Kong, China."
9192258,UNKNOWN,9991001,Unknown,BLEND NAVIGATION LTD,6285904,"Trust Company Complex, Ajeltake Road, Ajeltake, Majuro MH 96960, Marshall Islands.",BLEND NAVIGATION LTD,6285904,"Trust Company Complex, Ajeltake Road, Ajeltake, Majuro MH 96960, Marshall Islands."
9360465,PAKISTAN NATIONAL SHPG CORP,0633987,"PNSC Building, Moulvi Tamizuddin Khan Road, Karachi, 74000, Pakistan.",SARGODHA SHIPPING PVT LTD,6342285,"C/O: Pakistan National Shipping Corp PNSC Building, Moulvi Tamizuddin Khan Road, Karachi, 74000, Pakistan.",PAKISTAN NATIONAL SHPG CORP,0633987,"PNSC Building, Moulvi Tamizuddin Khan Road, Karachi, 74000, Pakistan."
9203772,BARCO SHIP MANAGEMENT INC,6389977,"Office 201, Art Thamani Tower, al-Asayel Street, Business Bay, Dubai, United Arab Emirates.",LOTKA INC,6415926,"C/O: Barco Ship Management Inc Office 201, Art Thamani Tower, al-Asayel Street, Business Bay, Dubai, United Arab Emirates.",BARCO SHIP MANAGEMENT INC,6389977,"Office 201, Art Thamani Tower, al-Asayel Street, Business Bay, Dubai, United Arab Emirates."
9237618,UNKNOWN,9991001,Unknown,STARLINE EXPRESS SHIPPING INC,6470985,"C/O: Safe Seas Ship Management FZE Office Building 2G-02, Hamriyah Free Zone, PO Box 53269, Sharjah, United Arab Emirates.",STARLINE EXPRESS SHIPPING INC,6470985,"C/O: Safe Seas Ship Management FZE Office Building 2G-02, Hamriyah Free Zone, PO Box 53269, Sharjah, United Arab Emirates."
9271573,MARISYN FLUXHAVEN LLC,0239223,"Apartment 5, Building 16, Estate 15, AZ 5000, Sumqayit Azerbaijan.",UNIHOLD LINE CORP,0198008,"C/O: 'Marisyn Fluxhaven' LLC Apartment 5, Building 16, Estate 15, AZ 5000, Sumqayit Azerbaijan.",MARISYN FLUXHAVEN LLC,0239223,"Apartment 5, Building 16, Estate 15, AZ 5000, Sumqayit Azerbaijan."
9191723,VECTIS MARITIME MANAGEMENT LTD,0166299,"Unit C, S36, 2nd Floor, Wong King Industrial Building, 3, Hing Wong Street, Tuen Mun, New Territories, Hong Kong, China.",VICTORY MARINE LTD-HKG,6239295,"Unit 3B, 3rd Floor, Yinhui Center, 351-353, King's Road, North Point, Hong Kong, China.",VECTIS MARITIME MANAGEMENT LTD,0166299,"Unit C, S36, 2nd Floor, Wong King Industrial Building, 3, Hing Wong Street, Tuen Mun, New Territories, Hong Kong, China."
9229362,AL ANCHOR SHIP MANAGEMENT FZE,6298746,"Executive Office D1-323, Sheikh Rashid Bin Saeed Al Maktoum Street, Ajman Free Zone, PO Box 932, Ajman, United Arab Emirates.",ROAD SHIPPING INC,6302979,"C/O: Al Anchor Ship Management FZE Executive Office D1-323, Sheikh Rashid Bin Saeed Al Maktoum Street, Ajman Free Zone, PO Box 932, Ajman, United Arab Emirates.",AL ANCHOR SHIP MANAGEMENT FZE,6298746,"Executive Office D1-323, Sheikh Rashid Bin Saeed Al Maktoum Street, Ajman Free Zone, PO Box 932, Ajman, United Arab Emirates."
9318096,TAIHU SHIPPING CO LTD,0234956,"Unit 102, Building 9, Tianci Liangyuan, Zhenjiang Lu, Shibei Qu, Qingdao, Shandong, 266000, China.",HONG KONG EASTRELIANT SHUNWAY,0358721,"C/O: Taihu Shipping Co Ltd Unit 102, Building 9, Tianci Liangyuan, Zhenjiang Lu, Shibei Qu, Qingdao, Shandong, 266000, China.",TAIHU SHIPPING CO LTD,0234956,"Unit 102, Building 9, Tianci Liangyuan, Zhenjiang Lu, Shibei Qu, Qingdao, Shandong, 266000, China."
9260809,UNKNOWN,9991001,Unknown,EGYPTIAN TANKER CO,5564100,"9, Dr Almahrouky Street from Salah Salem Road, Nasr, Cairo, Egypt.",EGYPTIAN TANKER CO,5564100,"9, Dr Almahrouky Street from Salah Salem Road, Nasr, Cairo, Egypt."
9290359,ZHOUSHAN YAOHAI SHIPPING,0316659,"Room 529, Building 2, 29, Wenhua Lu, Dinghai Qu, Zhoushan, Zhejiang, China.",AURORA AURA INC,0335772,"C/O: Zhoushan Yaohai Shipping Co Ltd Room 529, Building 2, 29, Wenhua Lu, Dinghai Qu, Zhoushan, Zhejiang, China.",ZHOUSHAN YAOHAI SHIPPING,0316659,"Room 529, Building 2, 29, Wenhua Lu, Dinghai Qu, Zhoushan, Zhejiang, China."
9291248,INTERNATIONAL MARINE MGMT CO,5236196,"95, Akti Miaouli, 185 38, Piraeus, Greece.",CORPLEASE,5932076,"Building B2112, Smart Village, Km 28, Cairo-Alexandria Desert Road, Giza, 12577, Egypt.",INTERNATIONAL MARINE MGMT CO,5236196,"95, Akti Miaouli, 185 38, Piraeus, Greece."
9404950,GUNGEN DENIZCILIK VE TICARET,1366389,"Halici Sokak 9, Gaziosmanpasa Mah, Cankaya, 06700, Ankara, Turkey.",GUNGEN DENIZCILIK VE TICARET,1366389,"Halici Sokak 9, Gaziosmanpasa Mah, Cankaya, 06700, Ankara, Turkey.",GUNGEN DENIZCILIK VE TICARET,1366389,"Halici Sokak 9, Gaziosmanpasa Mah, Cankaya, 06700, Ankara, Turkey."
9198666,NANJING CHANGHAO SHIPPING CO,6504104,"Room 109-1, Building 7, 521-1, Ningliu Lu, Changlu Jiedao, Jiangbei Xinqu, Nanjing, Jiangsu, China.",ONWELL CAPITAL LTD,6408456,"C/O: Nanjing Changhao Shipping Co Ltd Room 109-1, Building 7, 521-1, Ningliu Lu, Changlu Jiedao, Jiangbei Xinqu, Nanjing, Jiangsu, China.",NANJING CHANGHAO SHIPPING CO,6504104,"Room 109-1, Building 7, 521-1, Ningliu Lu, Changlu Jiedao, Jiangbei Xinqu, Nanjing, Jiangsu, China."
9247986,DEEP CURRENT SHIPPING LLC,0124442,"Flat 0248-316, Abdolaziz Abdoloh, Slzarquni Building, Al Mararr, Dubai, United Arab Emirates.",BLUE TIDE MARINE INC,0049968,"C/O: Deep Current Shipping LLC Flat 0248-316, Abdolaziz Abdoloh, Slzarquni Building, Al Mararr, Dubai, United Arab Emirates.",DEEP CURRENT SHIPPING LLC,0124442,"Flat 0248-316, Abdolaziz Abdoloh, Slzarquni Building, Al Mararr, Dubai, United Arab Emirates."
